Workbook

Sheet distance between locations
A2: Uniersities\Events | B2: Aspen Creek | C2: Banded Peak School | D2: Banff Centre | E2: Bottomlands | F2: Bow Valley Provincial Park North | G2: Bowmont | H2: Bowness Park + Baker Park | I2: Camp Gardner & Kamp Kiwanis | J2: Canmore + CNC (ISSOM) | K2: Canmore Nordic Centre (ISOM) | L2: Capri Avenue | M2: Carburn Park | N2: Cochrane Ranche | O2: Confederation Park | P2: Connop Creek (Camp Horizon near Bragg Creek) | Q2: Crescent Ridge (no longer used - see Prince's Island map) | R2: Edgemont | S2: Edworthy Park | T2: Elbow Bluffs | U2: Fish Creek - Bebo Grove | V2: Fish Creek - Bow Valley Ranche | W2: Fish Creek - Glennfield | X2: Fish Creek - Votier's Flats | Y2: Fish Creek Park West - Shannon Terrace to Glennfield | Z2: Kananaskis Village | AA2: Laycock Park | AB2: Lindsay Park | AC2: MRU Currie | AD2: Moose Creek | AE2: Mount Laurie | AF2: North Glenmore Park and Lakeview | AG2: North Haven | AH2: Nose Creek Park (Airdrie) | AI2: Nose Hill (1:15,000) | AJ2: Nose Hill Central - 14th Street | AK2: Nose Hill North (1:10,000) | AL2: Nose Hill South - Brisebois | AM2: Paskapoo Slopes | AN2: Pearce Estate | AO2: Prince's Island & Crescent Heights | AP2: Quarry Lake + CNC | AQ2: Redwood Meadows | AR2: River Park | AS2: Rumsey | AT2: SAIT / Riley Park | AU2: Sandy McNabb | AV2: Shaganappi Park | AW2: St Andrews / Hillhurst | AX2: St. Patrick's Island / Fort Calgary | AY2: Stanley Park | AZ2: Strathcona - Patterson Heights to Signal Ridge | BA2: Strathcona Park | BB2: Sulphur Springs | BC2: Ti-Jurabi-Chubi / Camp Chief Hector / Bow Valley PP South | BD2: Triwood | BE2: Twelve Mile Coulee | BF2: University of Calgary | BG2: Varsity | BH2: West Confederation Park (formerly Calgary Canmore Park)
A3: University of Calgary Downtown Campus | B3: =iferror(GOOGLEMAPS_DURATION(VLOOKUP($A3, 'University locations'!$B$2:$D$100, 3, false), VLOOKUP(B$2, 'Event locations'!$B$2:$E$100, 4, false), "driving"), "no transit") -> no transit | C3: =iferror(GOOGLEMAPS_DURATION(VLOOKUP($A3, 'University locations'!$B$2:$D$100, 3, false), VLOOKUP(C$2, 'Event locations'!$B$2:$E$100, 4, false), "transit"), "no transit") -> no transit | D3: =iferror(GOOGLEMAPS_DURATION(VLOOKUP($A3, 'University locations'!$B$2:$D$100, 3, false), VLOOKUP(D$2, 'Event locations'!$B$2:$E$100, 4, false), "transit"), "no transit") -> no transit | E3: =iferror(GOOGLEMAPS_DURATION(VLOOKUP($A3, 'University locations'!$B$2:$D$100, 3, false), VLOOKUP(E$2, 'Event locations'!$B$2:$E$100, 4, false), "transit"), "no transit") -> no transit | F3: =iferror(GOOGLEMAPS_DURATION(VLOOKUP($A3, 'University locations'!$B$2:$D$100, 3, false), VLOOKUP(F$2, 'Event locations'!$B$2:$E$100, 4, false), "transit"), "no transit") -> no transit | G3: =iferror(GOOGLEMAPS_DURATION(VLOOKUP($A3, 'University locations'!$B$2:$D$100, 3, false), VLOOKUP(G$2, 'Event locations'!$B$2:$E$100, 4, false), "transit"), "no transit") -> no transit | H3: =iferror(GOOGLEMAPS_DURATION(VLOOKUP($A3, 'University locations'!$B$2:$D$100, 3, false), VLOOKUP(H$2, 'Event locations'!$B$2:$E$100, 4, false), "transit"), "no transit") -> no transit | I3: =iferror(GOOGLEMAPS_DURATION(VLOOKUP($A3, 'University locations'!$B$2:$D$100, 3, false), VLOOKUP(I$2, 'Event locations'!$B$2:$E$100, 4, false), "transit"), "no transit") -> no transit | J3: =iferror(GOOGLEMAPS_DURATION(VLOOKUP($A3, 'University locations'!$B$2:$D$100, 3, false), VLOOKUP(J$2, 'Event locations'!$B$2:$E$100, 4, false), "transit"), "no transit") -> no transit | ... BH3: =iferror(GOOGLEMAPS_DURATION(VLOOKUP($A3, 'University locations'!$B$2:$D$100, 3, false), VLOOKUP(BH$2, 'Event locations'!$B$2:$E$100, 4, false), "transit"), "no transit") -> no transit
A4: University of Calgary: Department of Art | B4: =iferror(GOOGLEMAPS_DURATION(VLOOKUP($A4, 'University locations'!$B$2:$D$100, 3, false), VLOOKUP(B$2, 'Event locations'!$B$2:$E$100, 4, false), "transit"), "no transit") -> no transit | C4: =iferror(GOOGLEMAPS_DURATION(VLOOKUP($A4, 'University locations'!$B$2:$D$100, 3, false), VLOOKUP(C$2, 'Event locations'!$B$2:$E$100, 4, false), "transit"), "no transit") -> no transit | D4: =iferror(GOOGLEMAPS_DURATION(VLOOKUP($A4, 'University locations'!$B$2:$D$100, 3, false), VLOOKUP(D$2, 'Event locations'!$B$2:$E$100, 4, false), "transit"), "no transit") -> no transit | E4: =iferror(GOOGLEMAPS_DURATION(VLOOKUP($A4, 'University locations'!$B$2:$D$100, 3, false), VLOOKUP(E$2, 'Event locations'!$B$2:$E$100, 4, false), "transit"), "no transit") -> no transit | F4: =iferror(GOOGLEMAPS_DURATION(VLOOKUP($A4, 'University locations'!$B$2:$D$100, 3, false), VLOOKUP(F$2, 'Event locations'!$B$2:$E$100, 4, false), "transit"), "no transit") -> no transit | G4: =iferror(GOOGLEMAPS_DURATION(VLOOKUP($A4, 'University locations'!$B$2:$D$100, 3, false), VLOOKUP(G$2, 'Event locations'!$B$2:$E$100, 4, false), "transit"), "no transit") -> no transit | H4: =iferror(GOOGLEMAPS_DURATION(VLOOKUP($A4, 'University locations'!$B$2:$D$100, 3, false), VLOOKUP(H$2, 'Event locations'!$B$2:$E$100, 4, false), "transit"), "no transit") -> no transit | I4: =iferror(GOOGLEMAPS_DURATION(VLOOKUP($A4, 'University locations'!$B$2:$D$100, 3, false), VLOOKUP(I$2, 'Event locations'!$B$2:$E$100, 4, false), "transit"), "no transit") -> no transit | ... BH4: =iferror(GOOGLEMAPS_DURATION(VLOOKUP($A4, 'University locations'!$B$2:$D$100, 3, false), VLOOKUP(BH$2, 'Event locations'!$B$2:$E$100, 4, false), "transit"), "no transit") -> no transit
A5: University of Calgary Architecture | B5: =iferror(GOOGLEMAPS_DURATION(VLOOKUP($A5, 'University locations'!$B$2:$D$100, 3, false), VLOOKUP(B$2, 'Event locations'!$B$2:$E$100, 4, false), "transit"), "no transit") -> no transit | C5: =iferror(GOOGLEMAPS_DURATION(VLOOKUP($A5, 'University locations'!$B$2:$D$100, 3, false), VLOOKUP(C$2, 'Event locations'!$B$2:$E$100, 4, false), "transit"), "no transit") -> no transit | D5: =iferror(GOOGLEMAPS_DURATION(VLOOKUP($A5, 'University locations'!$B$2:$D$100, 3, false), VLOOKUP(D$2, 'Event locations'!$B$2:$E$100, 4, false), "transit"), "no transit") -> no transit | E5: =iferror(GOOGLEMAPS_DURATION(VLOOKUP($A5, 'University locations'!$B$2:$D$100, 3, false), VLOOKUP(E$2, 'Event locations'!$B$2:$E$100, 4, false), "transit"), "no transit") -> no transit | F5: =iferror(GOOGLEMAPS_DURATION(VLOOKUP($A5, 'University locations'!$B$2:$D$100, 3, false), VLOOKUP(F$2, 'Event locations'!$B$2:$E$100, 4, false), "transit"), "no transit") -> no transit | G5: =iferror(GOOGLEMAPS_DURATION(VLOOKUP($A5, 'University locations'!$B$2:$D$100, 3, false), VLOOKUP(G$2, 'Event locations'!$B$2:$E$100, 4, false), "transit"), "no transit") -> no transit | H5: =iferror(GOOGLEMAPS_DURATION(VLOOKUP($A5, 'University locations'!$B$2:$D$100, 3, false), VLOOKUP(H$2, 'Event locations'!$B$2:$E$100, 4, false), "transit"), "no transit") -> no transit | I5: =iferror(GOOGLEMAPS_DURATION(VLOOKUP($A5, 'University locations'!$B$2:$D$100, 3, false), VLOOKUP(I$2, 'Event locations'!$B$2:$E$100, 4, false), "transit"), "no transit") -> no transit | ... BH5: =iferror(GOOGLEMAPS_DURATION(VLOOKUP($A5, 'University locations'!$B$2:$D$100, 3, false), VLOOKUP(BH$2, 'Event locations'!$B$2:$E$100, 4, false), "transit"), "no transit") -> no transit
A6: Ambrose University | B6: =iferror(GOOGLEMAPS_DURATION(VLOOKUP($A6, 'University locations'!$B$2:$D$100, 3, false), VLOOKUP(B$2, 'Event locations'!$B$2:$E$100, 4, false), "transit"), "no transit") -> no transit | C6: =iferror(GOOGLEMAPS_DURATION(VLOOKUP($A6, 'University locations'!$B$2:$D$100, 3, false), VLOOKUP(C$2, 'Event locations'!$B$2:$E$100, 4, false), "transit"), "no transit") -> no transit | D6: =iferror(GOOGLEMAPS_DURATION(VLOOKUP($A6, 'University locations'!$B$2:$D$100, 3, false), VLOOKUP(D$2, 'Event locations'!$B$2:$E$100, 4, false), "transit"), "no transit") -> no transit | E6: =iferror(GOOGLEMAPS_DURATION(VLOOKUP($A6, 'University locations'!$B$2:$D$100, 3, false), VLOOKUP(E$2, 'Event locations'!$B$2:$E$100, 4, false), "transit"), "no transit") -> no transit | F6: =iferror(GOOGLEMAPS_DURATION(VLOOKUP($A6, 'University locations'!$B$2:$D$100, 3, false), VLOOKUP(F$2, 'Event locations'!$B$2:$E$100, 4, false), "transit"), "no transit") -> no transit | G6: =iferror(GOOGLEMAPS_DURATION(VLOOKUP($A6, 'University locations'!$B$2:$D$100, 3, false), VLOOKUP(G$2, 'Event locations'!$B$2:$E$100, 4, false), "transit"), "no transit") -> no transit | H6: =iferror(GOOGLEMAPS_DURATION(VLOOKUP($A6, 'University locations'!$B$2:$D$100, 3, false), VLOOKUP(H$2, 'Event locations'!$B$2:$E$100, 4, false), "transit"), "no transit") -> no transit | I6: =iferror(GOOGLEMAPS_DURATION(VLOOKUP($A6, 'University locations'!$B$2:$D$100, 3, false), VLOOKUP(I$2, 'Event locations'!$B$2:$E$100, 4, false), "transit"), "no transit") -> no transit | ... BH6: =iferror(GOOGLEMAPS_DURATION(VLOOKUP($A6, 'University locations'!$B$2:$D$100, 3, false), VLOOKUP(BH$2, 'Event locations'!$B$2:$E$100, 4, false), "transit"), "no transit") -> no transit
A7: University of Calgary - Foothills Campus | B7: =iferror(GOOGLEMAPS_DURATION(VLOOKUP($A7, 'University locations'!$B$2:$D$100, 3, false), VLOOKUP(B$2, 'Event locations'!$B$2:$E$100, 4, false), "transit"), "no transit") -> no transit | C7: =iferror(GOOGLEMAPS_DURATION(VLOOKUP($A7, 'University locations'!$B$2:$D$100, 3, false), VLOOKUP(C$2, 'Event locations'!$B$2:$E$100, 4, false), "transit"), "no transit") -> no transit | D7: =iferror(GOOGLEMAPS_DURATION(VLOOKUP($A7, 'University locations'!$B$2:$D$100, 3, false), VLOOKUP(D$2, 'Event locations'!$B$2:$E$100, 4, false), "transit"), "no transit") -> no transit | E7: =iferror(GOOGLEMAPS_DURATION(VLOOKUP($A7, 'University locations'!$B$2:$D$100, 3, false), VLOOKUP(E$2, 'Event locations'!$B$2:$E$100, 4, false), "transit"), "no transit") -> no transit | F7: =iferror(GOOGLEMAPS_DURATION(VLOOKUP($A7, 'University locations'!$B$2:$D$100, 3, false), VLOOKUP(F$2, 'Event locations'!$B$2:$E$100, 4, false), "transit"), "no transit") -> no transit | G7: =iferror(GOOGLEMAPS_DURATION(VLOOKUP($A7, 'University locations'!$B$2:$D$100, 3, false), VLOOKUP(G$2, 'Event locations'!$B$2:$E$100, 4, false), "transit"), "no transit") -> no transit | H7: =iferror(GOOGLEMAPS_DURATION(VLOOKUP($A7, 'University locations'!$B$2:$D$100, 3, false), VLOOKUP(H$2, 'Event locations'!$B$2:$E$100, 4, false), "transit"), "no transit") -> no transit | I7: =iferror(GOOGLEMAPS_DURATION(VLOOKUP($A7, 'University locations'!$B$2:$D$100, 3, false), VLOOKUP(I$2, 'Event locations'!$B$2:$E$100, 4, false), "transit"), "no transit") -> no transit | ... BH7: =iferror(GOOGLEMAPS_DURATION(VLOOKUP($A7, 'University locations'!$B$2:$D$100, 3, false), VLOOKUP(BH$2, 'Event locations'!$B$2:$E$100, 4, false), "transit"), "no transit") -> no transit
A8: Mount Royal University | B8: =iferror(GOOGLEMAPS_DURATION(VLOOKUP($A8, 'University locations'!$B$2:$D$100, 3, false), VLOOKUP(B$2, 'Event locations'!$B$2:$E$100, 4, false), "transit"), "no transit") -> no transit | C8: =iferror(GOOGLEMAPS_DURATION(VLOOKUP($A8, 'University locations'!$B$2:$D$100, 3, false), VLOOKUP(C$2, 'Event locations'!$B$2:$E$100, 4, false), "transit"), "no transit") -> no transit | D8: =iferror(GOOGLEMAPS_DURATION(VLOOKUP($A8, 'University locations'!$B$2:$D$100, 3, false), VLOOKUP(D$2, 'Event locations'!$B$2:$E$100, 4, false), "transit"), "no transit") -> no transit | E8: =iferror(GOOGLEMAPS_DURATION(VLOOKUP($A8, 'University locations'!$B$2:$D$100, 3, false), VLOOKUP(E$2, 'Event locations'!$B$2:$E$100, 4, false), "transit"), "no transit") -> no transit | F8: =iferror(GOOGLEMAPS_DURATION(VLOOKUP($A8, 'University locations'!$B$2:$D$100, 3, false), VLOOKUP(F$2, 'Event locations'!$B$2:$E$100, 4, false), "transit"), "no transit") -> no transit | G8: =iferror(GOOGLEMAPS_DURATION(VLOOKUP($A8, 'University locations'!$B$2:$D$100, 3, false), VLOOKUP(G$2, 'Event locations'!$B$2:$E$100, 4, false), "transit"), "no transit") -> no transit | H8: =iferror(GOOGLEMAPS_DURATION(VLOOKUP($A8, 'University locations'!$B$2:$D$100, 3, false), VLOOKUP(H$2, 'Event locations'!$B$2:$E$100, 4, false), "transit"), "no transit") -> no transit | I8: =iferror(GOOGLEMAPS_DURATION(VLOOKUP($A8, 'University locations'!$B$2:$D$100, 3, false), VLOOKUP(I$2, 'Event locations'!$B$2:$E$100, 4, false), "transit"), "no transit") -> no transit | ... BH8: =iferror(GOOGLEMAPS_DURATION(VLOOKUP($A8, 'University locations'!$B$2:$D$100, 3, false), VLOOKUP(BH$2, 'Event locations'!$B$2:$E$100, 4, false), "transit"), "no transit") -> no transit
A9: Bow Valley College | B9: =iferror(GOOGLEMAPS_DURATION(VLOOKUP($A9, 'University locations'!$B$2:$D$100, 3, false), VLOOKUP(B$2, 'Event locations'!$B$2:$E$100, 4, false), "transit"), "no transit") -> no transit | C9: =iferror(GOOGLEMAPS_DURATION(VLOOKUP($A9, 'University locations'!$B$2:$D$100, 3, false), VLOOKUP(C$2, 'Event locations'!$B$2:$E$100, 4, false), "transit"), "no transit") -> no transit | D9: =iferror(GOOGLEMAPS_DURATION(VLOOKUP($A9, 'University locations'!$B$2:$D$100, 3, false), VLOOKUP(D$2, 'Event locations'!$B$2:$E$100, 4, false), "transit"), "no transit") -> no transit | E9: =iferror(GOOGLEMAPS_DURATION(VLOOKUP($A9, 'University locations'!$B$2:$D$100, 3, false), VLOOKUP(E$2, 'Event locations'!$B$2:$E$100, 4, false), "transit"), "no transit") -> no transit | F9: =iferror(GOOGLEMAPS_DURATION(VLOOKUP($A9, 'University locations'!$B$2:$D$100, 3, false), VLOOKUP(F$2, 'Event locations'!$B$2:$E$100, 4, false), "transit"), "no transit") -> no transit | G9: =iferror(GOOGLEMAPS_DURATION(VLOOKUP($A9, 'University locations'!$B$2:$D$100, 3, false), VLOOKUP(G$2, 'Event locations'!$B$2:$E$100, 4, false), "transit"), "no transit") -> no transit | H9: =iferror(GOOGLEMAPS_DURATION(VLOOKUP($A9, 'University locations'!$B$2:$D$100, 3, false), VLOOKUP(H$2, 'Event locations'!$B$2:$E$100, 4, false), "transit"), "no transit") -> no transit | I9: =iferror(GOOGLEMAPS_DURATION(VLOOKUP($A9, 'University locations'!$B$2:$D$100, 3, false), VLOOKUP(I$2, 'Event locations'!$B$2:$E$100, 4, false), "transit"), "no transit") -> no transit | ... BH9: =iferror(GOOGLEMAPS_DURATION(VLOOKUP($A9, 'University locations'!$B$2:$D$100, 3, false), VLOOKUP(BH$2, 'Event locations'!$B$2:$E$100, 4, false), "transit"), "no transit") -> no transit
A10: SAIT | B10: =iferror(GOOGLEMAPS_DURATION(VLOOKUP($A10, 'University locations'!$B$2:$D$100, 3, false), VLOOKUP(B$2, 'Event locations'!$B$2:$E$100, 4, false), "transit"), "no transit") -> no transit | C10: =iferror(GOOGLEMAPS_DURATION(VLOOKUP($A10, 'University locations'!$B$2:$D$100, 3, false), VLOOKUP(C$2, 'Event locations'!$B$2:$E$100, 4, false), "transit"), "no transit") -> no transit | D10: =iferror(GOOGLEMAPS_DURATION(VLOOKUP($A10, 'University locations'!$B$2:$D$100, 3, false), VLOOKUP(D$2, 'Event locations'!$B$2:$E$100, 4, false), "transit"), "no transit") -> no transit | E10: =iferror(GOOGLEMAPS_DURATION(VLOOKUP($A10, 'University locations'!$B$2:$D$100, 3, false), VLOOKUP(E$2, 'Event locations'!$B$2:$E$100, 4, false), "transit"), "no transit") -> no transit | F10: =iferror(GOOGLEMAPS_DURATION(VLOOKUP($A10, 'University locations'!$B$2:$D$100, 3, false), VLOOKUP(F$2, 'Event locations'!$B$2:$E$100, 4, false), "transit"), "no transit") -> no transit | G10: =iferror(GOOGLEMAPS_DURATION(VLOOKUP($A10, 'University locations'!$B$2:$D$100, 3, false), VLOOKUP(G$2, 'Event locations'!$B$2:$E$100, 4, false), "transit"), "no transit") -> no transit | H10: =iferror(GOOGLEMAPS_DURATION(VLOOKUP($A10, 'University locations'!$B$2:$D$100, 3, false), VLOOKUP(H$2, 'Event locations'!$B$2:$E$100, 4, false), "transit"), "no transit") -> no transit | I10: =iferror(GOOGLEMAPS_DURATION(VLOOKUP($A10, 'University locations'!$B$2:$D$100, 3, false), VLOOKUP(I$2, 'Event locations'!$B$2:$E$100, 4, false), "transit"), "no transit") -> no transit | ... BH10: =iferror(GOOGLEMAPS_DURATION(VLOOKUP($A10, 'University locations'!$B$2:$D$100, 3, false), VLOOKUP(BH$2, 'Event locations'!$B$2:$E$100, 4, false), "transit"), "no transit") -> no transit
A11: St. Mary's University | B11: =iferror(GOOGLEMAPS_DURATION(VLOOKUP($A11, 'University locations'!$B$2:$D$100, 3, false), VLOOKUP(B$2, 'Event locations'!$B$2:$E$100, 4, false), "transit"), "no transit") -> no transit | C11: =iferror(GOOGLEMAPS_DURATION(VLOOKUP($A11, 'University locations'!$B$2:$D$100, 3, false), VLOOKUP(C$2, 'Event locations'!$B$2:$E$100, 4, false), "transit"), "no transit") -> no transit | D11: =iferror(GOOGLEMAPS_DURATION(VLOOKUP($A11, 'University locations'!$B$2:$D$100, 3, false), VLOOKUP(D$2, 'Event locations'!$B$2:$E$100, 4, false), "transit"), "no transit") -> no transit | E11: =iferror(GOOGLEMAPS_DURATION(VLOOKUP($A11, 'University locations'!$B$2:$D$100, 3, false), VLOOKUP(E$2, 'Event locations'!$B$2:$E$100, 4, false), "transit"), "no transit") -> no transit | F11: =iferror(GOOGLEMAPS_DURATION(VLOOKUP($A11, 'University locations'!$B$2:$D$100, 3, false), VLOOKUP(F$2, 'Event locations'!$B$2:$E$100, 4, false), "transit"), "no transit") -> no transit | G11: =iferror(GOOGLEMAPS_DURATION(VLOOKUP($A11, 'University locations'!$B$2:$D$100, 3, false), VLOOKUP(G$2, 'Event locations'!$B$2:$E$100, 4, false), "transit"), "no transit") -> no transit | H11: =iferror(GOOGLEMAPS_DURATION(VLOOKUP($A11, 'University locations'!$B$2:$D$100, 3, false), VLOOKUP(H$2, 'Event locations'!$B$2:$E$100, 4, false), "transit"), "no transit") -> no transit | I11: =iferror(GOOGLEMAPS_DURATION(VLOOKUP($A11, 'University locations'!$B$2:$D$100, 3, false), VLOOKUP(I$2, 'Event locations'!$B$2:$E$100, 4, false), "transit"), "no transit") -> no transit | ... BH11: =iferror(GOOGLEMAPS_DURATION(VLOOKUP($A11, 'University locations'!$B$2:$D$100, 3, false), VLOOKUP(BH$2, 'Event locations'!$B$2:$E$100, 4, false), "transit"), "no transit") -> no transit
A12: Alberta University of the Arts | B12: =iferror(GOOGLEMAPS_DURATION(VLOOKUP($A12, 'University locations'!$B$2:$D$100, 3, false), VLOOKUP(B$2, 'Event locations'!$B$2:$E$100, 4, false), "transit"), "no transit") -> no transit | C12: =iferror(GOOGLEMAPS_DURATION(VLOOKUP($A12, 'University locations'!$B$2:$D$100, 3, false), VLOOKUP(C$2, 'Event locations'!$B$2:$E$100, 4, false), "transit"), "no transit") -> no transit | D12: =iferror(GOOGLEMAPS_DURATION(VLOOKUP($A12, 'University locations'!$B$2:$D$100, 3, false), VLOOKUP(D$2, 'Event locations'!$B$2:$E$100, 4, false), "transit"), "no transit") -> no transit | E12: =iferror(GOOGLEMAPS_DURATION(VLOOKUP($A12, 'University locations'!$B$2:$D$100, 3, false), VLOOKUP(E$2, 'Event locations'!$B$2:$E$100, 4, false), "transit"), "no transit") -> no transit | F12: =iferror(GOOGLEMAPS_DURATION(VLOOKUP($A12, 'University locations'!$B$2:$D$100, 3, false), VLOOKUP(F$2, 'Event locations'!$B$2:$E$100, 4, false), "transit"), "no transit") -> no transit | G12: =iferror(GOOGLEMAPS_DURATION(VLOOKUP($A12, 'University locations'!$B$2:$D$100, 3, false), VLOOKUP(G$2, 'Event locations'!$B$2:$E$100, 4, false), "transit"), "no transit") -> no transit | H12: =iferror(GOOGLEMAPS_DURATION(VLOOKUP($A12, 'University locations'!$B$2:$D$100, 3, false), VLOOKUP(H$2, 'Event locations'!$B$2:$E$100, 4, false), "transit"), "no transit") -> no transit | I12: =iferror(GOOGLEMAPS_DURATION(VLOOKUP($A12, 'University locations'!$B$2:$D$100, 3, false), VLOOKUP(I$2, 'Event locations'!$B$2:$E$100, 4, false), "transit"), "no transit") -> no transit | ... BH12: =iferror(GOOGLEMAPS_DURATION(VLOOKUP($A12, 'University locations'!$B$2:$D$100, 3, false), VLOOKUP(BH$2, 'Event locations'!$B$2:$E$100, 4, false), "transit"), "no transit") -> no transit
A13: ABM College | B13: =iferror(GOOGLEMAPS_DURATION(VLOOKUP($A13, 'University locations'!$B$2:$D$100, 3, false), VLOOKUP(B$2, 'Event locations'!$B$2:$E$100, 4, false), "transit"), "no transit") -> no transit | C13: =iferror(GOOGLEMAPS_DURATION(VLOOKUP($A13, 'University locations'!$B$2:$D$100, 3, false), VLOOKUP(C$2, 'Event locations'!$B$2:$E$100, 4, false), "transit"), "no transit") -> no transit | D13: =iferror(GOOGLEMAPS_DURATION(VLOOKUP($A13, 'University locations'!$B$2:$D$100, 3, false), VLOOKUP(D$2, 'Event locations'!$B$2:$E$100, 4, false), "transit"), "no transit") -> no transit | E13: =iferror(GOOGLEMAPS_DURATION(VLOOKUP($A13, 'University locations'!$B$2:$D$100, 3, false), VLOOKUP(E$2, 'Event locations'!$B$2:$E$100, 4, false), "transit"), "no transit") -> no transit | F13: =iferror(GOOGLEMAPS_DURATION(VLOOKUP($A13, 'University locations'!$B$2:$D$100, 3, false), VLOOKUP(F$2, 'Event locations'!$B$2:$E$100, 4, false), "transit"), "no transit") -> no transit | G13: =iferror(GOOGLEMAPS_DURATION(VLOOKUP($A13, 'University locations'!$B$2:$D$100, 3, false), VLOOKUP(G$2, 'Event locations'!$B$2:$E$100, 4, false), "transit"), "no transit") -> no transit | H13: =iferror(GOOGLEMAPS_DURATION(VLOOKUP($A13, 'University locations'!$B$2:$D$100, 3, false), VLOOKUP(H$2, 'Event locations'!$B$2:$E$100, 4, false), "transit"), "no transit") -> no transit | I13: =iferror(GOOGLEMAPS_DURATION(VLOOKUP($A13, 'University locations'!$B$2:$D$100, 3, false), VLOOKUP(I$2, 'Event locations'!$B$2:$E$100, 4, false), "transit"), "no transit") -> no transit | ... BH13: =iferror(GOOGLEMAPS_DURATION(VLOOKUP($A13, 'University locations'!$B$2:$D$100, 3, false), VLOOKUP(BH$2, 'Event locations'!$B$2:$E$100, 4, false), "transit"), "no transit") -> no transit
A14: Rocky Mountain College | B14: =iferror(GOOGLEMAPS_DURATION(VLOOKUP($A14, 'University locations'!$B$2:$D$100, 3, false), VLOOKUP(B$2, 'Event locations'!$B$2:$E$100, 4, false), "transit"), "no transit") -> no transit | C14: =iferror(GOOGLEMAPS_DURATION(VLOOKUP($A14, 'University locations'!$B$2:$D$100, 3, false), VLOOKUP(C$2, 'Event locations'!$B$2:$E$100, 4, false), "transit"), "no transit") -> no transit | D14: =iferror(GOOGLEMAPS_DURATION(VLOOKUP($A14, 'University locations'!$B$2:$D$100, 3, false), VLOOKUP(D$2, 'Event locations'!$B$2:$E$100, 4, false), "transit"), "no transit") -> no transit | E14: =iferror(GOOGLEMAPS_DURATION(VLOOKUP($A14, 'University locations'!$B$2:$D$100, 3, false), VLOOKUP(E$2, 'Event locations'!$B$2:$E$100, 4, false), "transit"), "no transit") -> no transit | F14: =iferror(GOOGLEMAPS_DURATION(VLOOKUP($A14, 'University locations'!$B$2:$D$100, 3, false), VLOOKUP(F$2, 'Event locations'!$B$2:$E$100, 4, false), "transit"), "no transit") -> no transit | G14: =iferror(GOOGLEMAPS_DURATION(VLOOKUP($A14, 'University locations'!$B$2:$D$100, 3, false), VLOOKUP(G$2, 'Event locations'!$B$2:$E$100, 4, false), "transit"), "no transit") -> no transit | H14: =iferror(GOOGLEMAPS_DURATION(VLOOKUP($A14, 'University locations'!$B$2:$D$100, 3, false), VLOOKUP(H$2, 'Event locations'!$B$2:$E$100, 4, false), "transit"), "no transit") -> no transit | I14: =iferror(GOOGLEMAPS_DURATION(VLOOKUP($A14, 'University locations'!$B$2:$D$100, 3, false), VLOOKUP(I$2, 'Event locations'!$B$2:$E$100, 4, false), "transit"), "no transit") -> no transit | ... BH14: =iferror(GOOGLEMAPS_DURATION(VLOOKUP($A14, 'University locations'!$B$2:$D$100, 3, false), VLOOKUP(BH$2, 'Event locations'!$B$2:$E$100, 4, false), "transit"), "no transit") -> no transit
A15: Bay River College | B15: =iferror(GOOGLEMAPS_DURATION(VLOOKUP($A15, 'University locations'!$B$2:$D$100, 3, false), VLOOKUP(B$2, 'Event locations'!$B$2:$E$100, 4, false), "transit"), "no transit") -> no transit | C15: =iferror(GOOGLEMAPS_DURATION(VLOOKUP($A15, 'University locations'!$B$2:$D$100, 3, false), VLOOKUP(C$2, 'Event locations'!$B$2:$E$100, 4, false), "transit"), "no transit") -> no transit | D15: =iferror(GOOGLEMAPS_DURATION(VLOOKUP($A15, 'University locations'!$B$2:$D$100, 3, false), VLOOKUP(D$2, 'Event locations'!$B$2:$E$100, 4, false), "transit"), "no transit") -> no transit | E15: =iferror(GOOGLEMAPS_DURATION(VLOOKUP($A15, 'University locations'!$B$2:$D$100, 3, false), VLOOKUP(E$2, 'Event locations'!$B$2:$E$100, 4, false), "transit"), "no transit") -> no transit | F15: =iferror(GOOGLEMAPS_DURATION(VLOOKUP($A15, 'University locations'!$B$2:$D$100, 3, false), VLOOKUP(F$2, 'Event locations'!$B$2:$E$100, 4, false), "transit"), "no transit") -> no transit | G15: =iferror(GOOGLEMAPS_DURATION(VLOOKUP($A15, 'University locations'!$B$2:$D$100, 3, false), VLOOKUP(G$2, 'Event locations'!$B$2:$E$100, 4, false), "transit"), "no transit") -> no transit | H15: =iferror(GOOGLEMAPS_DURATION(VLOOKUP($A15, 'University locations'!$B$2:$D$100, 3, false), VLOOKUP(H$2, 'Event locations'!$B$2:$E$100, 4, false), "transit"), "no transit") -> no transit | I15: =iferror(GOOGLEMAPS_DURATION(VLOOKUP($A15, 'University locations'!$B$2:$D$100, 3, false), VLOOKUP(I$2, 'Event locations'!$B$2:$E$100, 4, false), "transit"), "no transit") -> no transit | ... BH15: =iferror(GOOGLEMAPS_DURATION(VLOOKUP($A15, 'University locations'!$B$2:$D$100, 3, false), VLOOKUP(BH$2, 'Event locations'!$B$2:$E$100, 4, false), "transit"), "no transit") -> no transit
... A22: Columbia College | B22: =iferror(GOOGLEMAPS_DURATION(VLOOKUP($A22, 'University locations'!$B$2:$D$100, 3, false), VLOOKUP(B$2, 'Event locations'!$B$2:$E$100, 4, false), "transit"), "no transit") -> no transit | C22: =iferror(GOOGLEMAPS_DURATION(VLOOKUP($A22, 'University locations'!$B$2:$D$100, 3, false), VLOOKUP(C$2, 'Event locations'!$B$2:$E$100, 4, false), "transit"), "no transit") -> no transit | D22: =iferror(GOOGLEMAPS_DURATION(VLOOKUP($A22, 'University locations'!$B$2:$D$100, 3, false), VLOOKUP(D$2, 'Event locations'!$B$2:$E$100, 4, false), "transit"), "no transit") -> no transit | E22: =iferror(GOOGLEMAPS_DURATION(VLOOKUP($A22, 'University locations'!$B$2:$D$100, 3, false), VLOOKUP(E$2, 'Event locations'!$B$2:$E$100, 4, false), "transit"), "no transit") -> no transit | F22: =iferror(GOOGLEMAPS_DURATION(VLOOKUP($A22, 'University locations'!$B$2:$D$100, 3, false), VLOOKUP(F$2, 'Event locations'!$B$2:$E$100, 4, false), "transit"), "no transit") -> no transit | G22: =iferror(GOOGLEMAPS_DURATION(VLOOKUP($A22, 'University locations'!$B$2:$D$100, 3, false), VLOOKUP(G$2, 'Event locations'!$B$2:$E$100, 4, false), "transit"), "no transit") -> no transit | H22: =iferror(GOOGLEMAPS_DURATION(VLOOKUP($A22, 'University locations'!$B$2:$D$100, 3, false), VLOOKUP(H$2, 'Event locations'!$B$2:$E$100, 4, false), "transit"), "no transit") -> no transit | I22: =iferror(GOOGLEMAPS_DURATION(VLOOKUP($A22, 'University locations'!$B$2:$D$100, 3, false), VLOOKUP(I$2, 'Event locations'!$B$2:$E$100, 4, false), "transit"), "no transit") -> no transit | ... BH22: =iferror(GOOGLEMAPS_DURATION(VLOOKUP($A22, 'University locations'!$B$2:$D$100, 3, false), VLOOKUP(BH$2, 'Event locations'!$B$2:$E$100, 4, false), "transit"), "no transit") -> no transit
A46: 51.066316311416855, -114.13473099904017 | B46: 51.083,-115.081 | C46: =GOOGLEMAPS_DURATION(A46, B46, "driving") -> #NAME?

Sheet University locations
A1: # | B1: University name + campus name | C1: University's address | D1: Coordinates
A2: 1 | B2: University of Calgary Downtown Campus | C2: 906 8 Ave SW, Calgary, AB T2P 1H9 | D2: 51.04675283797434, -114.08180945193934
A3: 2 | B3: University of Calgary: Department of Art | C3: 2975 University Way NW, Calgary, AB T2N 1N4 | D3: 51.07602792994358, -114.12997439788506
A4: 3 | B4: University of Calgary Architecture | C4: 6 Ave SE, Calgary, AB T2G 0J1 | D4: 51.05174087590589, -114.05634642636666
A5: 4 | B5: Ambrose University | C5: 150 Ambrose Cir SW, Calgary, AB T3H 0L5 | D5: 51.03860103205543, -114.19170142211628
A6: 5 | B6: University of Calgary - Foothills Campus | C6: 3330 Hospital Drive NW, Calgary, AB T2N 4N1 | D6: 51.066316311416855, -114.13473099904017
A7: 6 | B7: Mount Royal University | C7: 4825 Mt Royal Gate SW, Calgary, AB T3E 6K6 | D7: 51.012864032957964, -114.1315935079281
A8: 7 | B8: Bow Valley College | C8: 345 6 Ave SE, Calgary, AB T2G 4V1 | D8: 51.047271941000695, -114.05614750370862
A9: 8 | B9: SAIT | C9: 1301 16 Ave NW, Calgary, AB T2M 0L4 | D9: 51.064299299329534, -114.08706477217781
A10: 9 | B10: St. Mary's University | C10: 14500 Bannister Road SE, Calgary, AB T2X 1Z4 | D10: 50.92236772182425, -114.06806394602238
A11: 10 | B11: Alberta University of the Arts | C11: 1407 14 Ave NW, Calgary, AB T2N 4R3 | D11: 51.06261498083089, -114.0913338
A12: 11 | B12: ABM College | C12: 112 28 St SE #200, Calgary, AB T2A 6J9 | D12: 51.05200157973892, -113.99241420441753
A13: 12 | B13: Rocky Mountain College | C13: 4039 Brentwood Rd NW, Calgary, AB T2L 1L1 | D13: 51.0887, -114.133
... A21: 20 | B21: Columbia College | C21: 802 Manning Rd NE, Calgary, AB T2E 7N8 | D21: 51.057038085258455, -114.01806056675794

Sheet Event locations
A1: # | B1: Name of Location | C1: Latitude | D1: Longitide | E1: Coordinates
A2: 1 | B2: Aspen Creek | C2: 50.866 | D2: -114.556 | E2: =CONCATENATE(C2, ",", D2) -> 50.866,-114.556
A3: 2 | B3: Banded Peak School | C3: 50.934 | D3: -114.564 | E3: =CONCATENATE(C3, ",", D3) -> 50.934,-114.564
A4: 3 | B4: Banff Centre | C4: 51.17 | D4: -115.561 | E4: =CONCATENATE(C4, ",", D4) -> 51.17,-115.561
A5: 4 | B5: Bottomlands | C5: 51.051 | D5: -114.041 | E5: =CONCATENATE(C5, ",", D5) -> 51.051,-114.041
A6: 5 | B6: Bow Valley Provincial Park North | C6: 51.083 | D6: -115.081 | E6: =CONCATENATE(C6, ",", D6) -> 51.083,-115.081
A7: 6 | B7: Bowmont | C7: 51.101 | D7: -114.191 | E7: =CONCATENATE(C7, ",", D7) -> 51.101,-114.191
A8: 7 | B8: Bowness Park + Baker Park | C8: 51.097 | D8: -114.218 | E8: =CONCATENATE(C8, ",", D8) -> 51.097,-114.218
A9: 8 | B9: Camp Gardner & Kamp Kiwanis | C9: 51.031 | D9: -114.464 | E9: =CONCATENATE(C9, ",", D9) -> 51.031,-114.464
A10: 9 | B10: Canmore + CNC (ISSOM) | C10: 51.09 | D10: -115.384 | E10: =CONCATENATE(C10, ",", D10) -> 51.09,-115.384
A11: 10 | B11: Canmore Nordic Centre (ISOM) | C11: 51.101 | D11: -115.413 | E11: =CONCATENATE(C11, ",", D11) -> 51.101,-115.413
A12: 11 | B12: Capri Avenue | C12: 51.092 | D12: -114.118 | E12: =CONCATENATE(C12, ",", D12) -> 51.092,-114.118
A13: 12 | B13: Carburn Park | C13: 50.974 | D13: -114.026 | E13: =CONCATENATE(C13, ",", D13) -> 50.974,-114.026
... A60: 59 | B60: West Confederation Park (formerly Calgary Canmore Park) | C60: 51.082 | D60: -114.111 | E60: =CONCATENATE(C60, ",", D60) -> 51.082,-114.111
